character,phrase,meaning,pinyin,wenzhouhua,shengmu,yunmu,verify
鸭,,,,a,,a,
凹,,,ao,ao,,ao,
阿嚏,,,,atei,,,
巴,巴牢|巴兮巴,,,ba,b,a,
捭,猴头捭虱,,,ba,b,a,
扳,扳手,,,ba,b,a,
百,,,,ba,b,a,
伯,,,,ba,b,a,
板,,,,ba,b,a,
班,,,,ba,b,a,
摆头,,,,badtou,,,
不,,,,bai,b,ai,
北,,,,bai,b,ai,
背,,,,bai,b,ai,
畚,畚斗,,,bang,b,ang,
畚斗,,,,bangdao,,,
百晓,,,,baxia,,,
板桢,,,,bazang,,,
板砧,,,,bazang,,,
屄,吹牛屄,,,bei,b,ei,
毙,电毙牢,,,bei,b,ei,
鐾,牙齿筋鐾起,,,bei,b,ei,
闭,,,,bei,b,ei,
屏,屏墙,,,beng,b,eng,
屏墙,,,,bengyi,,,
滭,水滭滭出,,,bi,b,i,
縪,縪针,,,bi,b,i,
别,别针,,,bi,b,i,
扁,,,,bi,,,
扁担,,,,bida,,,
滮,水滮起,,,bie,b,ie,
边厢,,,,bixi,,,
趵,趵起,,,bo,b,o,
暴,暴起,,,bo,b,o,
棒,棒柱,,,bo,b,o,
饱趸趸,,,,bodangdang,,,
绷,绷,,,bong,b,bong,
迸,迸,,,bong,b,bong,
棒柱,,,,bozi,,,
爿,一爿门,,,bpa,bp,a,
培,,,,bpai,bp,ai,
赔,,,,bpai,bp,ai,
笨,,,,bpang,bp,ang,
砰,砰砰声,,,bpang,bp,ang,
袍,,,,bpe,bp,e,?
被,被单,,,bpei,bp,ei,
疲,,,,bpei,bp,ei,
皮,,,,bpei,bp,ei,
被折起,,,,bpeijici,,,
鐾牙,,,,bpeingu,,,
萍,,,,bpeng,bp,eng,
捕,捕贼,,,bpu,bp,u,
孵,孵卵|孵鸡儿,,,bpu,bp,u,
耙,,,,bpu,,,
婆,,,,bpue,bp,ue,
跘,脚跘,,,bpue,bp,ue,
钹,打钹,,,bpue,bp,ue,
赙,回赙,,,bpue,bp,ue,
伴,,,,bpue,bp,ue,
伴,,,,bpue,bp,ue,
伴手,,,,bpuexiu,,,
棒,,,,bpuo,,,
棒柱,,,,bpuozi,,,
把,把手,,,bu,b,u,
布帐,,,,bueji,,,
拆,拆屋宕,,,ca,c,a,
铲,,,,ca,c,a,
餐,咬一餐,,,ca,c,a,
咤,人会咤死,,,ca,c,a,
插,,,,ca,c,a,
掺滥竽,,,,calavu,,,
亲,,,,cang,c,ang,
亲眷,,,,cangju,,,
亲房,,,,cangwo,,,
糙,糙兮糙,,,ce,c,e,
肏,讲肏话,,,ce,c,e,
雌,,,,ce,c,e,
草,,,,ce,c,e,
侧,,,,cei,c,ei,
菜咸,,,,ceiea,,,
草纸,,,,cezei,,,
眙,眙戏|眙着,,,ci,c,i,
痴,騃痴,,,ci,c,i,
蚩,皮蚩,,,ci,c,i,
炊,炊松糕,,,ci,c,i,
起,,,,ci,c,i,
取,,,,ci,c,i,
吃,,,,ci,c,i,
齿,,,,ci,c,i,
吃,,,,ci,c,i,
气,,,,ci,c,i,
气道,,,,cidte,,,
粲,衣着起粲兮,,,cie,c,ie,
炊饭,,,,civa,,,
吃饭,,,,civa,,,
搓,搓稻杆绳,,,cu,c,u,
擉,头颈擉牢,,,cu,c,u,
车,,,,cu,c,u,
踔,踔过,,,cue,c,ue,
汆,汆一汆,,,cue,c,ue,
仓,仓库,,,cuo,c,uo,
担,扁担,,,da,d,a,
掸,掸掸拢,,,da,d,a,
啖,啖啖底,,,da,d,a,
搭边,,,,dabi,,,
逮,衣逮牢,,,dai,d,ai,
兑,十斤米兑七斤粉干,,,dai,d,ai,
咄,鸡咄米,,,dai,d,ai,3
对,,,,dai,d,ai,
磓,头磓落,,,dai,d,ai,3
底角,,,,daigu,,,
底圈,,,,daiju,,,
凼,水凼,,,dang,d,ang,
丼,路边丼捞起种树,,,dang,d,ang,
瞪,,,,dang,d,ang,
蹬,花瓶蹬牢|蹬落,,,dang,d,ang,
趸,,,,dang,d,ang,
囤,温州市政府囤广场路|军队囤山下,,,dang,d,ang,1
腯,苦腯,,,dang,d,ang,
炖,,,,dang,d,ang,
囤,碗囤拢,,,dang,d,ang,
囤拢,,,,danglong,,,
斗,,,,dao,d,ao,
兜,,,,dao,d,ao,
带携,,,,daxi,,,
捣,捣臼|捣乱,,,de,d,e,
的,,,,dei,d,ei,
得,,,,dei,d,ei,
底,,,,dei,d,ei,
待,,,,dei,d,ei,
底角,,,,deigu,,,
底圈,,,,deiju,,,
的确凉,,,,deikuli,,,
铰,铰断,,,dga,dg,a,剪
极,出门弗极路里爻|极兮极,,,dgai,dg,ai,困
谨,谨牢|谨你面子,,,dgang,dg,ang,
犟,弗犟|犟勿开,,,dgi,dg,i,2
健,牢健|还健兮|还健da,,,dgi,dg,i,1
长,,,,dgi,dg,i,
虔,真虔心,,,dgi,dg,i,
场,,,,dgi,dg,i,
长,,,,dgi,dg,i,
健,,,,dgi,dg,i,
杰,,,,dgi,dg,i,
着,,,,dgia,dg,ia,
擎,,,,dgiang,dg,iang,
擒,,,,dgiang,dg,iang,
赚,赚钿|赚来,,,dgiang,dg,iang,
长头,,,,dgidtou,,,高大
撬,撬锁,,,dgie,dg,ie,
壳,菜壳来卖,,,dgie,dg,ie,
撚牢结,,,,dgileji,,,
重,,,,dgio,dg,io,
虫,,,,dgiong,dg,iong,
虔心,,,,dgisang,,,
踞,踞落,,,dgu,dg,u,跪?
癫,癫人,,,di,d,i,
打,,,,die,d,ie,
打生,打生陌生|打生兮打生,,,diesie,,,
打胡诨,,,,dievuvang,,,
胨,,,,dong,d,ong,
剁,剁两段,,,dou,d,ou,
跺,脚跺起,,,dou,d,ou,
跶,跶跶滚,,,dta,dt,a,
大,,,,dta,dt,a,
橽,一橽字眼,,,dta,dt,a,
惮,惮起,,,dta,dt,a,
踏,踏脚车,,,dta,dt,a,
谈,,,,dta,dt,a,
呆,官呆儿|头呆翻,,,dtai,dt,ai,
骀,马骀,,,dtai,dt,ai,
胅,胅火着起,,,dtai,dt,ai,
队,,,,dtai,dt,ai,
台型,,,,dtaiyang,,,
踼,踼落|踼地炮,,,dtang,dt,ang,
投,,,,dtao,dt,ao,
痰唾,,,,dtatai,,,
道,运道|味道|气道,,,dte,dt,e,
待,待你打伤,,,dtei,dt,ei,
袋,,,,dtei,dt,ei,
怠,无空慢怠,,,dtei,dt,ei,
地,,,,dtei,dt,ei,
垫,,,,dti,dt,i,
钿,铜钿,,,dti,dt,i,
田,,,,dti,dt,i,
调,,,,dtie,dt,ie,
桶,,,,dtong,dt,ong,
铜钿,,,,dtongdti,,,
桶鼓,,,,dtonggu,,,
唐三,,,,dtosa,,,
头,,,,dtou,dt,ou,
惰,,,,dtou,dt,ou,
堕,堕爻罢,,,dtou,dt,ou,
舵,舵扳牢,,,dtou,dt,ou,
头,头个|我比你头|命头兮|人头起|头人,,,dtou,dt,ou,
蠹蟊,,,,dtoume,,,
头魍,,,,dtoumo,,,
堕爻罢,,,,dtouwobpa,,,
头先,,,,dtouxi,,,刚才
断,断种|断个|断条鱼|断分砝钿,,,dtue,dt,ue,
遁,,,,dtue,dt,ue,
潭,烂淤泥潭,,,dtue,dt,ue,
肚,,,,dtue,dt,ue,
臀,,,,dtue,dt,ue,
突蓦,,,,dtuevu,,,突然
唐,唐佬|唐范,,,dtuo,dt,uo,
堂,,,,dtuo,dt,uo,
掇,掇拈儿来,,,du,d,u,2
锻,锻价钱,,,due,d,ue,
驐,,,,due,d,ue,
湍,水湍湍来,,,due,d,ue,?
黩比,黩比好,,,duebpei,,,
妒嫉,,,,duedzi,,,
驐猪,,,,duezei,,,
都市,,,,duezi,,,
当,当面,,,duo,d,uo,
挡,挡牢,,,duo,d,uo,
当算,,,,duosue,,,
厨,吃一厨饭,,,dz,dz,,
沉,沉落,,,dzang,dz,ang,
阵,办阵|阵阿办勿出,,,dzang,dz,ang,
箸,,,,dzei,dz,ei,筷
箸笼,,,,dzeilong,,,
埕,一埕酒六十斤,,,dzeng,dz,eng,
剩,剩落|剩几厘,,,dzeng,dz,eng,
坠,,,,dzi,dz,i,
缒,后面人缒牢,,,dzi,dz,i,挂、拉
柱,,,,dzi,dz,i,
厨,,,,dzi,dz,i,
住,,,,dzi,dz,i,
迟,,,,dzi,dz,i,
持,,,,dzi,dz,i,
驰,,,,dzi,dz,i,
其,,,,dzi,dz,i,
诤,诤起论起|真会诤,,,dzie,dz,ie,
搽,粉搽起,,,dzu,dz,u,
茶,,,,dzu,dz,u,
搽扫,,,,dzuse,,,
岙,金岙,,ao,e,,e,
爊,爊起吃,,,e,,e,
咸,,,,ea,,ea,?
嫌,,,,ea,,ea,
闲,,,,ea,,ea,
闲伴,,,,eabpue,,,
黄昏,,,,eaxu,,,
嫌矜,,,,eazeng,,,
咳,,,,ei,,ei,
腌臢,腌臢骨|腌臢吃,,,eze,,,肮脏
番,番人,,,fa,f,a,
膰,肉膰兮膰,,,fa,f,a,
翻,,,,fa,f,a,
贩,贩卖,,,fa,f,a,
砝,,,,fa,f,a,
番鸭,,,,faa,,,
砝钿,,,,fadti,,,
弗,弗种|弗恁|千莫弗,,,fai,f,ai,
灰,,,,fai,f,ai,
弗咳,,,,faiei,,,
否,否是|否要紧|否孬|否冷,,,fu,f,u,
否样三四,,,,funisasi,,,
否要紧,,,,fuyejiang,,,
革,,,,ga,g,a,
间,,,,ga,g,a,
剐,剐剪|剐臀,,,ga,g,a,
该,该个|该人|该么什|该种,,,gai,g,ai,
个,,,,gai,g,ai,
归,走归|走归或弗|该名堂你归,,,gai,g,ai,
剐剪,,,,gaji,,,剪刀
匼,被匼起|桌匼|毛匼,,,gang,g,ang,
厚,,,,ghao,gh,ao,
该,,,,gi,g,i,
几,,,,gi,,,
哽,骨哽牢,,,gie,g,ie,
几厘,,,,gilei,,,
该恁,,,,ginang,,,
该日,,,,ginei,,,
该日,,,,ginei,,,
掼,弗掼,,,gka,gk,a,扔
岿,岿起坐落|岿堂动阿否动,,,gki,gk,i,站
渠,,,,gki,gk,i,他
硌,硌着|硌牢痛,,,gku,gk,u,
拱,拱来|猪拱恁,,,gong,g,ong,
刚,刚刚儿,,,gu,g,u,
蛊,蛊起乱,,,gu,g,u,
过,过做起,,,gu,g,u,
古,,,,gu,g,u,
角,,,,gu,g,u,
觉,觉着,,,gu,g,u,
过,,,,gu,g,u,
过辈,,,,gubai,,,
赶待,,,,gudtei,,,
姑娘,,,,guni,,,
讲,,,,guo,g,uo,
桄,一桄,,,guo,g,uo,
讲牢,,,,guole,,,
过去,,,,guqu,,,
过做起,,,,guzouci,,,
柑,,,,gv,g,v,
官,,,,gv,g,v,
干,,,,gv,g,v,
干倩,,,,gvqi,,,
甘算,,,,gvsue,,,
管自,,,,gvzi,,,
揢,揢电毙牢,,,ha,h,a,
喊,赖人赔喊起|呐喊,,,ha,h,a,?
喀,喀你怎哪恁种好,,,ha,h,a,
贶,送贶别人,,,ha,h,a,给
揢,揢人打|揢人讲话|揢人告诉,,,ha,,,
贶人,,,,hanang,,,嫁人?
很,,,,hang,h,ang,
狠,,,,hang,h,ang,
喀你,,,,hani,,,
骺,骺背,,,hao,h,ao,
喉,,,,hao,h,ao,
骺背,,,,haobai,,,
好,,,,he,h,e,
好高,,,,hege,,,
许,,,,hei,h,ei,那个
咳,咳恁|咳个|该头咳头,,,hei,h,ei,
骇,骇啦闿,,,hei,h,ei,?
捍,一巴掌捍来,,,hei,h,ei,
好甚,,,,hezang,,,
鞋,,,,hna,hn,a,?
匣,自来火匣儿,,,hna,hn,a,
鞋趿,,,,hnata,,,
黄昏,,,,hnaxu,,,
风,,,,hong,h,ong,
风闭,,,,hongbei,,,
唬,囥堂唬|唬你|唬唬你|唬兮唬,,,hu,h,u,3
花,,,,hu,h,u,
学堂,,,,hudtuo,,,
憨,,,,hue,h,ue,
含,嘴里含牢,,,hue,h,ue,
盒,,,,hue,h,ue,
花蚶,,,,huhue,,,
滑溜,,,,hulou,,,
花路,,,,hulue,,,
花儿,,,,hung,,,
方,,,,huo,h,uo,
黄昏,,,,huoxu,,,
花罇,,,,huzue,,,
咳,,,,i,,i,的
脚,,,,j,j,ia,
桔,,,,jai,j,ai,
剪,,,,ji,j,i,
鹣,鹣儿|鹣儿窠,,,ji,j,i,
煎,,,,ji,j,i,
建,,,,ji,j,i,
着,着衣,,,jia,j,ia,
斫,斫树|斫草|浪斫来,,,jia,j,ia,砍
脚,,,,jia,j,ia,
劲,劲起有力,,,jiang,j,iang,
金,,,,jiang,j,iang,
兢,,,,jiang,j,iang,
劲起,,,,jiangci,,,
金瓜,,,,jianggu,,,
救,,,,jiao,j,iao,
朝,,,,jie,j,ie,
种,,,,jio,j,io,
肿,,,,jio,,,
种好,,,,jiohe,,,
种紧,,,,jiojiang,,,
中,,,,jiong,j,iong,
军,,,,jiong,j,iong,
君,,,,jiong,j,iong,
肫,鸡肫,,,jiong,j,iong,
州,,,,jiu,j,iu,
酒糗,,,,jiuqiu,,,
拘,拘兮拘,,,ju,j,u,笨
圈,底圈|外圈,,,ju,j,u,2
贵,,,,ju,j,u,
鬼,,,,ju,j,u,
转,走归转|弯转,,,ju,j,u,
专,专意恁讲,,,ju,j,u,
撮,撮落果生吃|撮粒米,,,ju,j,u,
种,怎奈种|种阿样,,,juo,j,uo,
妆,假妆|妆起,,,juo,j,uo,
快,,,,ka,k,a,
宽,位置还宽兮,,,ka,k,a,
铅,,,,ka,k,a,
睏,瞌睏,,,kai,k,ai,4
口,,,,kao,k,ao,
口舌,,,,kaoyi,,,
闿,走闿|死闿|闿财,,,ki,k,i,
搕,搕牢|搕着,,,kie,k,ie,碰到
坑,,,,kie,k,ie,
坑松,,,,kiesong,,,
口婪水,,,,koulasi,,,
苦,,,,ku,k,u,
哭,,,,ku,k,u,
窠,,,,ku,k,u,
阔,长阔高,,,ku,k,u,
磕,磕落,,,kue,k,ue,砸
丐,,,,kue,k,ue,
看,看牛嗣儿,,,kue,,,
丐儿,,,,kueng,,,
揣,揣起,,,kuo,k,uo,
囥,囥起,,,kuo,k,uo,藏
伉,伉你做队|伉你好,,,kuo,k,uo,
囥哪堂,,,,kuoniaodtuo,,,?
瞌,瞌着|瞌起|瞌醒|瞌睏|打瞌睏,,,kv,k,v,
瞌睏,,,,kvkai,,,
滥,掺滥竽,,,la,l,a,
婪,口婪水,,,la,l,a,
栏,猪栏,,,la,l,a,
栏耙,,,,labpu,,,
赖孵鸡娘,,,,labpuzini,,,兰博基尼?
睐,眼儿珠睐动,,,lai,l,ai,
撩,裤脚撩起,,,lai,l,ai,?
脶,十脶坐天下,,,lai,l,ai,"手指头上的手指纹, 一个一个圈圈的"
瘰,瘰儿,,,lai,l,ai,
捋,衣捋起,,,lai,l,ai,
赖仑,,,,lalang,,,
褴褛,,,,lalue,,,
卵,鸡卵|卵白|白卵车,,,lang,l,ang,
捞,捞落深,,,lao,l,ao,
搂,柴爿搂起高哩烧猛,,,lao,l,ao,
拉尿,,,,lasi,,,
拉圬,,,,lavu,,,
拦扎下,,,,lazawu,,,
牢,牢监,,,le,l,e,
老,恁老老起|价钿老,,,le,l,e,
佬,,,,le,l,e,
勒,揢人勒牢|头颈勒牢,,,lei,l,ei,
劙,劙开|劙破,,,lei,l,ei,
厘,几厘,,,lei,l,ei,
历,痛起历勿牢,,,lei,l,ei,
唳,哭起唳起,,,lei,l,ei,
厉,,,,lei,l,ei,
蛎灰,,,,leifai,,,
厉兢,,,,leijiang,,,
老老娘儿,,,,lelening,,,
灵,,,,leng,l,eng,
林,,,,leng,l,eng,
领,,,,leng,l,eng,
伶,神头否伶清,,,leng,l,eng,
零,,,,leng,l,eng,
琳,,,,leng,l,eng,
伶清,,,,lengceng,,,
领喉,,,,lenghao,,,
零碎,,,,lengsai,,,
老佞客,,,,leniangka,,,
牢昌,,,,leqi,,,
老岁伯,,,,lesiba,,,
沥,沥滴,,,li,l,i,
怜,怜兮怜|兄弟否怜父母忧,,,li,l,i,
沥滴,,,,lidei,,,湿
垄,身上打起几条垄,,,lie,l,ie,
擽,棒儿擽来|刀擽过|把水面垃圾擽爻,,,lie,l,ie,?
两,,,,lie,l,ie,
弄,,,,long,l,ong,
溜,,,,lou,l,ou,
陆,,,,lou,l,ou,
录,钞票录起|录音,,,lu,l,u,
落,,,,lu,l,u,
摞,摞桄索面,,,lu,l,u,
落班,,,,luba,,,
脔,脔甘蔗,,,lue,l,ue,砍
论,论起|论勿歇,,,lue,l,ue,
路,,,,lue,l,ue,
乱,,,,lue,l,ue,
烙,衣囥火边烙烙燥,,,luo,l,uo,
浪,浪浪冷,,,luo,l,uo,
晾,晾起,,,luo,l,uo,
浪浪冷,,,,luoluolie,,,
烙烙燥,,,,luoluose,,,
落雨,,,,luvu,,,
蛮,恁蛮,,,ma,m,a,
娒,娒儿|生娒|娒娒|娒佬,,,mai,m,ai,
默,暗默,,,mai,m,ai,
闷,,,,mang,m,ang,
焖,焖牢烧,,,mang,m,ang,
明,,,,mang,m,ang,
明朝,,,,mangjie,,,
谋,,,,me,m,e,
孬,孬人,,,me,m,e,
毛匼,,,,megang,,,
莓,,,,mei,m,ei,
眯,眯起,,,mei,m,ei,
抿,抿一抿,,,meng,m,eng,
敏,,,,meng,m,eng,
面,,,,mi,m,i,
面,,,,mi,m,i,
迈,迈一步,,,mie,m,ie,
苗,,,,mie,m,ie,
密密军,,,,mimijiong,,,
面盂,,,,mivu,,,
魍魑,,,,molei,,,
懵,,,,mong,m,ong,
莫,千莫,,,mu,m,u,
袜,,,,mu,m,u,
嬤,阿嬤,,,mu,m,u,
磨,真会磨,,,mu,m,u,
马骀,,,,mudtai,,,
瞙瞊,,,,mudtuo,,,
么,,,,mue,m,mue,
么什,,,,mueszi,,,
么什,,,,mueszi,,,
鳗鲞,,,,muexi,,,
磨命,,,,mumeng,,,
呐,呐起叫,,,na,n,a,
囡,囡儿,,,na,n,a,
内,,,,nai,n,ai,
恁,,,,nang,n,ang,
恁,,,,nang,n,ang,
人,,,,nang,n,ang,
恁间,,,,nangga,,,
人客,,,,nangka,,,
冇,冇用|冇解|冇办法|冇路走|开口就冇好话,,,nao,n,ao,
挠,挠挠动,,,ne,n,e,
馁,吃馁牢,,,nei,n,ei,
日,,,,nei,n,ei,
日昼,,,,neijiu,,,
儿,,,,ng,ng,,
吾,吾走归|吾自,,,ng,ng,,
二,,,,ng,ng,,
碾,碾米,,,nga,ng,a,
延,延时间|真会延,,,nga,ng,a,
俺爸,,,,ngaba,,,老子
延时间,,,,ngasziga,,,
熬,硬熬,,,nge,ng,e,
騃,騃头,,si,ngei,ng,ei,
硬,,,,ngie,ng,ie,
硬,,,,ngie,ng,ie,
硬扎,,,,ngieza,,,
咬,咬牢,,,ngo,ng,o,
吾自,,,,ngszi,,,
牙,,,,ngu,ng,u,
伲,我伲|我伲走归|我伲吃饭,,,ni,n,i,
廿,廿个,,,ni,n,i,
拈,一拈儿,,,ni,n,i,
热,,,,ni,n,i,
你,,,,ni,n,i,
娘,,,,ni,n,i,
撚,撚牢结,,,nia,n,ia,
捏,捏元宝,,,nia,n,ia,
搦,搦破爻|手搦牢,,,nia,n,ia,
韧,,,,niang,n,iang,
佞,,,,niang,,,
扭,扭牢,,,niao,n,iao,
哪,,,,niao,n,iao,
哪底,,,,niaodei,,,
哪堂,,,,niaodtuo,,,
哪堂,,,,niaodtuo,,,
怩蚩,,,,nici,,,
绕,绕牢嬉|绕拢,,,nie,n,ie,
你自,,,,niszi,,,
肉,,,,niu,n,iu,
肉胨,,,,niudong,,,
醲,,,,nong,n,ong,
醲柿,,,,nongszi,,,
醲柿瓤儿,,,,nongszining,,,
喃喃豕,,,,nuenuezei,,,
原,,,,nv,n,v,
愿,,,,nv,n,v,
元,,,,nv,n,v,
虞,,,,nv,n,v,
月日,,,,nvnei,,,
拍,拍卖,,,pa,p,a,
配,配酒,,,pai,p,ai,
胚,真有胚|冇胚,,,pai,p,ai,
拚,,,,peng,p,eng,
躄,躄脚,,,pi,p,i,
躄,,,,pi,p,i,
躄脚,,,,pijia,,,
脬,拉尿脬儿,,,po,p,o,
烹,烹灯盏糕,,,pong,p,ong,
潘,,,,pue,p,ue,
娼,,,,qi,q,i,
挈,,,,qi,q,i,
切,,,,qi,q,i,
唱,,,,qi,q,i,
倩,,,,qi,q,i,
洽,洽奸佬,,,qia,q,ia,
雀,,,,qia,q,ia,
洽奸佬,,,,qiagale,,,
訄,訄饭|訄钞票,,,qiao,q,iao,
逑,逑老媪|逑亲,,,qiao,q,iao,
雀跃,,,,qiaya,,,
千莫,千莫弗恁种,,,qimu,,,
踹,踹开,,,qio,q,io,
冲,,,,qiong,q,iong,
摏,手摏出,,,qiong,q,iong,
宠,,,,qiong,q,iong,
唱词,,,,qiszi,,,
抽,,,,qiu,q,iu,
戳,戳来,,,qu,q,u,not qv
戳,,,,qu,q,u,
煞,种煞兮|打煞兮,,,sa,s,a,
扇,一扇柑,,,sa,s,a,
衫,衫袖,,,sa,s,a,
煞讫,,,,saci,,,
山,,,,sai,s,a,
碎,,,,sai,s,ai,
新,,,,sang,s,ang,
新,新是恁出息,,,sang,s,ang,
囟,脑顶囟,,,sang,s,ang,
新闻,,,,sangvang,,,
新妇,,,,sangvue,,,
衫袖,,,,sayou,,,
燥,,,,se,s,e,
嗣,嗣儿,,,sei,s,ei,?
少个儿,,,,seigaing,,,
细儿,,,,seing,,,
水,,,,si,s,i,
尿,,,,si,s,i,
嬉,,,,si,s,i,
死,,,,si,s,i,
生,生哪堂,,,sie,s,ie,
松,,,,song,s,ong,
素,,,,sou,s,ou,
闩,门闩,,,sue,s,ue,
塑,,,,sue,s,ue,
算,,,,sue,s,ue,
损,,,,sue,s,ue,
索面,,,,sumi,,,
丧,发丧|送丧,,,suo,s,uo,
爽,,,,suo,s,uo,
爽,,,,suo,s,uo,
饪,饪卵|饪饭,,,sza,sz,a,
柴,,,,sza,sz,a,
遮,遮牢|背肩身被裤遮起,,,sza,sz,a,
实,,,,szai,sz,ai,
尽,,,,szang,sz,ang,
甚,,,,szang,sz,ang,
人,人民,,,szang,sz,ang,
寻,寻人,,,szang,sz,ang,
甚,,,,szang,sz,ang,
神头否伶清,,,,szangdtoufulengceng,,,
人情,,,,szangszeng,,,
柴爻,,,,szawo,,,
适,适来适闿|拚命适|适勿动,,,szei,sz,ei,跑?
贼,,,,szei,sz,ei,
徐,,,,szei,sz,ei,
情,,,,szeng,sz,eng,
静,,,,szeng,sz,eng,
丞,,,,szeng,sz,eng,
词,,,,szi,sz,i,
如,,,,szi,sz,i,
是,,,,szi,sz,i,
自,,,,szi,sz,i,
事,,,,szi,sz,i,
事干,,,,szigv,,,
纯,,,,szong,sz,ong,
诅,,,,szu,sz,u,骂
坐,,,,szu,sz,u,
昨,,,,szu,sz,u,
昨前,,,,szuyi,,,
挞,魍魑挞鸡|做牛挞|牛挞田,,,ta,t,a,
遢,口气遢黄|遢邋,,,ta,t,a,
太,老太|阿太,,,ta,t,a,
瘫,瘫痪|瘫手,,,ta,t,a,
摊,摆摊,,,ta,t,a,
淌,血淌淌出,,,ta,t,a,
推,推猪,,,tai,t,ai,
褪,褪衣,,,tai,t,ai,
唾,痰唾,,,tai,t,ai,
推猪,,,,taizei,,,
铁,,,,ti,t,i,
挑,,,,tie,t,ie,
天光,,,,tiguo,,,
铁硬,,,,tinge,,,
忒,忒孬,,,tou,t,ou,
烫,,,,tuo,t,uo,
趟,,,,tuo,t,uo,
恶,弗恶,,,u,,u,
餲,饭餲爻|餲起,,,ue,,ue,
暗,,,,ue,,,
暗默,,,,uemai,,,
暗昧,,,,uemai,,,见不得人
范,范冇,,,va,v,a,
或,,,,va,v,a,
还,,,,va,v,a,
佛,佛揢鬼害,,,vai,v,ai,
会,人会兮|会兮会,,,vai,v,ai,
馈,车馈贶别人爻罢,,,vai,v,ai,
累,累兮累,,,vai,v,ai,?
诨,讲话打胡诨,,,vang,v,ang,
文,,,,vang,v,ang,
文长,,,,vangdgi,,,
还愿,,,,vanv,,,
横,,,,vie,v,ie,
武,,,,vu,v,u,
何,,,,vu,v,u,
伟,,,,vu,v,u,
勿,勿空讲|用勿着|晓得晓勿得,,,vu,v,u,
圬,拉圬,,,vu,v,u,
盂,,,,vu,v,u,
和,,,,vu,v,u,
妇,,,,vue,v,ue,
煳膰烂熟,,,,vufalayou,,,
勿空,,,,vukong,,,
无空慢怠,,,,vukongmadei,,,
雨毛霶,,,,vumebpang,,,
鸦烟,,,,vuyi,,,
防,,,,wo,w,o,
懊,懊起,,ao,wo,w,o,?
惶,惶兮惶|弗惶|惶起,,,wo,w,o,
爻,好爻|爻着,,,wo,w,o,
我,,,,wo,w,o,
黄,,,,wo,w,o,
房,,,,wo,w,o,
巷,,,,wo,w,ong,
拗,,,,wo,w,wo,
爻着,,,,wodgia,,,
我救,,,,wojiao,,,我的天哪
巷弄,,,,wolong,,,
我伲,,,,woni,,,
房份,房份兄弟,,,wovang,,,
黄昏,,,,woxu,,,
阀,阀门,,,wu,w,u,
缚,,,,wu,w,u,
亚,亚军,,,wu,w,u,
华,,,,wu,w,u,
滑,,,,wu,w,u,
下,,,,wu,w,u,
镬,镬灶|镬灶间,,,wu,,,
哑佬,,,,wule,,,
蛙蟆,,,,wumu,,,
下日,,,,wunei,,,
镬戳,镬戳铲乌焦饭,,,wuqu,,,
镬灶,,,,wuze,,,
赏,,,,xi,x,i,
兮,,,,xi,x,i,
先,走先|吃先,,,xi,x,i,
厢,边厢,,,xi,x,i,
鲞,鳗鲞,,,xi,x,i,
响,,,,xi,x,i,
掀,騃头眙秤掀瞙瞊人逑老媪端轻重,,,xi,x,i,?
携,带携大家人,,,xi,x,i,
歇,歇一歇,,,xi,x,i,
扇,,,,xi,x,i,
悻,悻起|悻兮,,,xiang,x,iang,
校,揢人校|校啦闿,,,xiao,x,iao,揍
朽,全朽,,,xiao,x,iao,2
肖,,,,xie,x,ie,
肖能,,,,xienang,,,
烧柴,,,,xiesza,,,
肖能,,,,xinang,,,
峋,山路真峋,,,xiong,x,iong,
笋,,,,xiong,x,iong,
手,,,,xiu,x,iu,
叔伯,叔伯兄弟,,,xiuba,,,
虚,,,,xv,x,v,
舀,水舀,,,ya,y,a,
约,约好|手约一约,,,ya,y,a,
跃,,,,ya,y,a,
一,,,,yai,y,ai,
嚚,嚚矜起,,,yang,y,ang,
应,应嘴搭对,,,yang,y,ang,
音,,,,yang,y,ang,
音静,,,,yangszeng,,,
嚚矜,,,,yangzeng,,,
蝤蛑,,,,yaomong,,,
有胚,,,,yaopai,,,
舀,舀水|舀起,,,ye,y,e,
鹞,放鹞,,,ye,y,e,
要,,,,ye,y,e,
善,善文,,,yi,y,i,
象,大象,,,yi,y,i,
像,像你,,,yi,y,i,
样,,,,yi,y,i,
腌,盐腌起|腌咸卵,,,yi,y,i,
烊,冰烊爻,,,yi,y,i,
爷,阿爷|俩爷儿,,,yi,y,i,
亦,亦恁种起|亦吃爽亦喝爽,,,yi,y,i,
弋,弋起准,,,yi,y,i,瞄准
意,意否意|意该个|意许个,,,yi,y,i,要
瘗,瘗顶倒,,,yi,y,i,
勚,螺帽勚爻|螺纹勚|牙讲勚,,,yi,y,i,
噎,噎牢|噎落,,,yi,y,i,
墙,,,,yi,y,i,
舌,,,,yi,y,i,
捷,,,,yi,y,i,
夜,,,,yi,y,i,
爷,,,,yi,y,i,
瘗顶倒,,,,yidingde,,,
厣儿,,,,ying,,,血痂
就,就恁|就你,,,yiu,y,iu,
喙,嘴喙,,,yong,y,ong,
吮,吮冰条,,,yong,y,ong,
允,,,,yong,y,ong,
赎,赎来,,,you,y,ou,3
袖,衫袖,,,you,y,ou,
就着,,,,youdgia,,,
媪,逑老媪,,,yu,y,u,
寒,金银花喝胃寒,,,yu,y,u,
绝,,,,yu,y,u,
媛,媛闺儿,,,yu,y,u,
愠,真愠心,,,yu,y,u,
温,,,,yu,y,u,
全,,,,yu,y,u,
王,,,,yuo,y,uo,
愠心,,,,yusang,,,
全死,,,,yusi,,,
媛闺儿,,,,yuzing,,,
柱,,,,z,z,i,
柴,烧柴|柴筋筋,,,za,z,a,
燀,燀肉吃,,,za,z,a,
馋,馋嘴,,,za,z,a,
姐,,,,za,z,a,
扎,衫袖扎起紧|拦扎下,,,za,z,a,
沾,水沾满|水沾起,,,za,z,a,
蘸,蘸一蘸|蘸醋吃,,,za,z,a,
扎,,,,za,z,a,
柴爿,,,,zabpa,,,
执,死执|执牢|执兮执,,,zai,z,ai,固执
絷,打个絷,,,zai,z,ai,打结
慹,慹慹恁|否慹你,,,zai,z,ai,怕
惴,惴一惴|心地惴爻罢|惴惴恁,,,zai,z,ai,
浸,浸水里,,,zang,z,ang,
砧,,,,zang,z,ang,
真,,,,zang,,,
真弗,,,,zangfai,,,
挫,背挫拢,,,zao,z,ao,
走,走归|走外圈,,,zao,z,ao,
走归,,,,zaogai,,,
走外圈,,,,zaovaju,,,
曹,人曹起,,,ze,z,e,
躁,躁起,,,ze,z,e,
糟,糟爻否少,,,ze,z,e,
造,,,,ze,z,e,
积,,,,zei,z,ei,
则,则则起|则勿牢|则一则,,,zei,z,ei,掂量
豕,,,,zei,z,ei,猪
煮,煮饭,,,zei,z,ei,
纸,,,,zei,z,ei,
猪,,,,zei,z,ei,
贼,,,,zei,z,ei,
猪栏,,,,zeila,,,
精,,,,zeng,z,eng,
矜,,,,zeng,z,eng,
闺,媛闺儿,,,zi,z,i,
柱,,,,zi,z,i,
记,,,,zi,z,i,
寄,,,,zi,z,i,
止,月底过止,,,zi,z,i,
记,,,,zi,z,i,
姊,姊妹,,,zi,,,
争,,,,zie,z,ie,
记觉,,,,zigu,,,
姊妹,,,,zimai,,,
怎奈,,,,zina,,,
怎哪讲,,,,zinaguo,,,
怎哪恁,,,,zinanang,,,
嘴喙,,,,ziyong,,,嘴唇
总,,,,zong,z,ong,
攥,箸攥双来,,,zu,z,u,拿